BS_x,BS_y,BS_z
-5.15669,7.78295,3.0
